{
  "Routes": [
    {
      "DownstreamPathTemplate": "/todolist/api/v1/user/{everything}",
      "DownstreamScheme": "http",
      "DownstreamHostAndPorts": [ { "Host": "localhost", "Port": 5001 } ],
      "UpstreamPathTemplate": "/todolist/api/v1/user/{everything}",
      "UpstreamHttpMethod": [ "Get", "Post", "Put" ]
    },
    {
      "DownstreamPathTemplate": "/projectmgmt/api/v1/member/{everything}",
      "DownstreamScheme": "http",
      "DownstreamHostAndPorts": [ { "Host": "localhost", "Port": 6001 } ],
      "UpstreamPathTemplate": "/projectmgmt/api/v1/member/{everything}",
      "UpstreamHttpMethod": [ "Get" ]
    }
  ],
  "GlobalConfiguration": { }
}
